Date,Arrivals,Occupied,OccPercent,RoomRev,RevPAR,ADR,date,temp,humidity,windSpeed,precip
2022-10-01,40,67,90.54,7163.51,96.8,106.92,2022-10-01,67.6,44.3,8.8,0.0
2022-10-02,23,29,38.67,2669.72,35.6,92.06,2022-10-02,68.4,47.7,7.7,0.0
2022-10-03,22,25,34.67,2165.42,28.87,83.29,2022-10-03,69.7,47.4,7.1,0.0
2022-10-04,23,33,43.42,2981.5,39.23,90.35,2022-10-04,71.6,48.7,7.2,0.0
2022-10-05,29,40,52.63,3608.22,47.48,90.21,2022-10-05,73.2,45.7,7.9,0.0
2022-10-06,12,27,35.53,2639.22,34.73,97.75,2022-10-06,75.4,44.9,5.0,0.0
2022-10-07,65,71,93.42,9627.77,126.68,135.6,2022-10-07,75.3,47.4,8.1,0.0
2022-10-08,32,72,94.74,10997.2,144.7,152.74,2022-10-08,71.1,47.2,9.6,0.0
2022-10-09,20,27,35.53,1959.83,25.79,72.59,2022-10-09,69.0,57.9,7.2,0.0
2022-10-10,16,20,26.32,1643.06,21.62,82.15,2022-10-10,75.5,51.2,12.6,0.0
2022-10-11,13,20,26.32,3724.72,49.01,186.24,2022-10-11,75.4,53.1,16.1,0.0
2022-10-12,25,29,38.16,2770.17,36.45,95.52,2022-10-12,79.6,54.7,13.2,0.0
2022-10-13,22,30,39.47,2947.12,38.78,98.24,2022-10-13,71.5,33.2,11.3,0.0
2022-10-14,42,56,73.68,6067.68,79.84,108.35,2022-10-14,71.5,39.4,10.7,0.0
2022-10-15,42,73,96.05,9367.28,123.25,128.32,2022-10-15,80.5,56.4,13.5,0.0
2022-10-16,10,24,31.58,2188.01,28.79,91.17,2022-10-16,69.8,78.8,16.8,0.254
2022-10-17,14,20,26.32,1888.15,24.84,94.41,2022-10-17,64.1,45.0,14.6,0.0
2022-10-18,16,25,32.89,2207.49,29.05,88.3,2022-10-18,54.9,33.5,14.9,0.0
2022-10-19,22,28,36.84,2011.22,26.46,71.83,2022-10-19,53.2,34.3,9.2,0.0
2022-10-20,18,28,36.84,2528.96,33.28,90.32,2022-10-20,65.9,40.9,13.3,0.0
2022-10-21,43,47,61.84,5320.76,70.01,113.21,2022-10-21,70.4,48.7,14.9,0.0
2022-10-22,46,66,86.84,8078.24,106.29,122.4,2022-10-22,74.4,57.0,22.0,0.0
2022-10-23,14,29,38.16,2701.49,35.55,93.15,2022-10-23,76.7,60.2,24.2,0.0
2022-10-24,37,48,63.16,3402.23,44.77,70.88,2022-10-24,68.2,86.8,18.2,2.374
2022-10-25,47,71,95.95,6218.84,84.04,87.59,2022-10-25,59.0,57.3,27.3,0.017
2022-10-26,30,54,71.05,4880.58,64.22,90.38,2022-10-26,58.5,58.4,7.9,0.0
2022-10-27,23,37,48.68,3263.87,42.95,88.21,2022-10-27,61.3,52.4,13.8,0.0
2022-10-28,37,51,68.0,5794.45,77.26,113.62,2022-10-28,56.7,82.2,15.1,2.033
2022-10-29,45,72,98.63,8855.61,121.31,122.99,2022-10-29,58.3,90.3,15.4,0.117
2022-10-30,10,18,23.68,2751.85,36.21,152.88,2022-10-30,62.7,71.4,9.4,0.0
2022-10-31,18,22,28.95,2960.16,38.95,134.55,2022-10-31,63.2,63.5,5.4,0.0
2022-11-01,16,20,26.32,-2739.27,-36.04,-136.96,2022-11-01,65.1,65.3,11.9,0.0
2022-11-02,16,21,28.0,2212.4,29.5,105.35,2022-11-02,64.6,79.5,11.4,0.0
2022-11-03,22,31,41.33,2547.01,33.96,82.16,2022-11-03,71.0,80.7,15.2,0.0
2022-11-04,28,34,44.74,3175.08,41.78,93.38,2022-11-04,68.6,82.4,25.3,0.694
2022-11-05,27,43,56.58,4236.52,55.74,98.52,2022-11-05,54.0,65.8,11.9,0.0
2022-11-06,20,26,35.53,1973.81,25.97,73.1,2022-11-06,65.9,68.5,11.8,0.0
2022-11-07,18,22,28.95,1317.9,17.34,59.9,2022-11-07,71.0,95.2,10.6,0.209
2022-11-08,18,27,35.53,2052.48,27.01,76.02,2022-11-08,72.1,88.6,8.7,0.0
2022-11-09,24,31,40.79,2794.81,36.77,90.16,2022-11-09,73.0,76.6,14.6,0.0
2022-11-10,22,39,51.32,3251.49,42.78,83.37,2022-11-10,69.4,83.0,13.7,0.0
2022-11-11,33,42,55.26,3822.98,50.3,91.02,2022-11-11,50.9,80.5,19.7,0.444
2022-11-12,36,52,69.33,4989.17,66.52,95.95,2022-11-12,42.3,55.1,13.5,0.0
2022-11-13,18,36,47.37,2897.96,38.13,80.5,2022-11-13,43.1,54.0,10.0,0.0
2022-11-14,21,39,51.32,3284.54,43.22,84.22,2022-11-14,42.2,79.9,11.5,0.422
2022-11-15,37,54,71.05,4621.02,60.8,85.57,2022-11-15,40.2,81.6,13.9,0.0
2022-11-16,27,47,61.84,4020.84,52.91,85.55,2022-11-16,44.2,66.5,10.0,0.0
2022-11-17,35,51,67.11,4339.73,57.1,85.09,2022-11-17,46.0,59.5,8.0,0.0
2022-11-18,35,46,60.53,4211.11,55.41,91.55,2022-11-18,43.9,62.5,11.0,0.0
2022-11-19,29,41,53.95,3588.01,47.21,87.51,2022-11-19,37.4,56.3,10.8,0.0
2022-11-20,20,30,39.47,2511.87,33.05,83.73,2022-11-20,40.9,59.3,5.9,0.001
2022-11-21,18,25,32.89,2095.52,27.57,83.82,2022-11-21,46.4,67.1,7.5,0.012
2022-11-22,23,30,39.47,2437.31,32.07,81.24,2022-11-22,50.4,72.5,6.7,0.0
2022-11-23,22,29,38.16,2612.32,34.37,90.08,2022-11-23,53.3,83.4,9.8,0.197
2022-11-24,10,21,27.63,1820.82,23.96,86.71,2022-11-24,55.3,97.7,12.5,1.386
2022-11-25,18,23,30.26,2147.66,28.26,93.38,2022-11-25,54.2,90.5,11.2,0.03
2022-11-26,14,21,27.63,1939.4,25.52,92.35,2022-11-26,51.9,92.5,12.0,0.998
2022-11-27,12,18,23.68,1448.54,19.06,80.47,2022-11-27,52.1,73.8,12.3,0.0
2022-11-28,16,19,25.0,1415.97,18.63,74.52,2022-11-28,53.5,70.9,13.9,0.0
2022-11-29,13,17,22.37,1406.86,18.51,82.76,2022-11-29,66.7,69.5,21.8,0.0
2022-11-30,16,21,27.63,1648.77,21.69,78.51,2022-11-30,42.5,47.4,19.0,0.0
2022-12-01,23,28,36.84,2247.2,29.57,80.26,2022-12-01,44.9,53.9,13.1,0.007
2022-12-02,29,37,48.68,3370.05,44.34,91.08,2022-12-02,56.6,87.4,14.3,0.0
2022-12-03,27,40,52.63,3994.99,52.57,99.87,2022-12-03,53.5,53.1,19.1,0.0
2022-12-04,11,17,22.37,1619.16,21.3,95.24,2022-12-04,51.1,61.8,9.8,0.0
2022-12-05,7,12,15.79,1184.53,15.59,98.71,2022-12-05,64.9,82.0,15.5,0.0
2022-12-06,15,22,28.95,1863.94,24.53,84.72,2022-12-06,69.8,79.0,12.4,0.0
2022-12-07,15,20,26.32,1506.01,19.82,75.3,2022-12-07,66.7,89.6,10.0,0.051
2022-12-08,15,22,28.95,1615.98,21.26,73.45,2022-12-08,66.6,88.3,7.4,0.239
2022-12-09,35,44,57.89,3929.04,51.7,89.3,2022-12-09,62.9,94.6,8.6,0.051
2022-12-10,20,32,42.11,3128.99,41.17,97.78,2022-12-10,63.5,93.4,12.8,0.729
2022-12-11,10,13,17.11,898.21,11.82,69.09,2022-12-11,54.6,88.4,11.0,0.252
2022-12-12,18,21,27.63,1807.86,23.79,86.09,2022-12-12,58.3,91.9,17.0,0.051
2022-12-13,13,20,26.32,1494.17,19.66,74.71,2022-12-13,62.1,74.8,18.8,0.523
2022-12-14,18,26,34.21,1891.52,24.89,72.75,2022-12-14,52.1,50.0,16.3,0.002
2022-12-15,10,18,23.68,1334.68,17.56,74.15,2022-12-15,45.1,51.9,10.5,0.0
2022-12-16,26,32,42.11,2810.3,36.98,87.82,2022-12-16,42.0,50.6,12.4,0.0
2022-12-17,24,34,44.74,2909.15,38.28,85.56,2022-12-17,41.8,45.1,11.6,0.0
2022-12-18,12,21,27.63,1730.02,22.76,82.38,2022-12-18,43.3,47.5,12.9,0.0
2022-12-19,19,23,30.26,1512.57,19.9,65.76,2022-12-19,45.7,66.5,14.7,0.0
2022-12-20,13,21,27.63,1690.92,22.25,80.52,2022-12-20,46.7,73.2,12.4,0.015
2022-12-21,17,24,31.58,1535.16,20.2,63.97,2022-12-21,41.1,75.7,10.4,0.0
2022-12-22,7,17,22.37,1348.14,17.74,79.3,2022-12-22,26.4,73.5,32.8,0.0
2022-12-23,18,20,26.32,1828.94,24.07,91.45,2022-12-23,17.3,40.9,18.8,0.0
2022-12-24,10,15,19.74,1433.45,18.86,95.56,2022-12-24,27.0,37.9,8.9,0.0
2022-12-25,12,13,17.11,1148.32,15.11,88.33,2022-12-25,36.9,37.1,10.6,0.0
2022-12-26,15,17,22.37,1747.79,23.0,102.81,2022-12-26,41.6,43.5,16.3,0.0
2022-12-27,12,23,30.26,1981.31,26.07,86.14,2022-12-27,35.9,52.0,15.3,0.0
2022-12-28,21,28,36.84,1430.43,18.82,51.09,2022-12-28,54.7,63.4,22.0,0.0
2022-12-29,18,22,28.95,1756.39,23.11,79.84,2022-12-29,65.5,67.4,17.5,0.0
2022-12-30,40,48,63.16,4035.21,53.09,84.07,2022-12-30,55.4,60.0,6.9,0.0
2022-12-31,43,63,80.77,5901.49,75.66,93.67,2022-12-31,61.4,56.9,12.5,0.0
2022-04-01,34,67,91.78,5533.31,75.8,82.59,2022-04-01,60.2,44.1,16.9,0.0
2022-04-02,28,66,90.41,5479.3,75.06,83.02,2022-04-02,64.5,61.6,12.7,0.07
2022-04-03,12,36,49.32,2918.71,39.98,81.08,2022-04-03,69.7,53.7,17.1,0.0
2022-04-04,9,34,46.58,2894.92,39.66,85.14,2022-04-04,69.4,62.0,19.2,0.21
2022-04-05,15,29,39.73,1900.7,26.04,65.54,2022-04-05,73.9,64.4,17.4,1.039
2022-04-06,16,28,38.36,2135.62,29.26,76.27,2022-04-06,67.3,34.7,25.1,0.0
2022-04-07,29,42,57.53,3661.16,50.15,87.17,2022-04-07,60.2,26.5,28.5,0.0
2022-04-08,39,56,76.71,5025.12,68.84,89.73,2022-04-08,58.0,27.5,26.6,0.0
2022-04-09,37,62,84.93,5406.49,74.06,87.2,2022-04-09,66.1,30.7,19.4,0.0
2022-04-10,19,44,60.27,3794.39,51.98,86.24,2022-04-10,71.2,55.9,23.3,0.0
2022-04-11,23,50,68.49,4152.74,56.89,83.05,2022-04-11,75.9,65.2,20.0,0.0
2022-04-12,17,28,39.73,1623.72,22.24,55.99,2022-04-12,73.8,72.6,19.8,0.07
2022-04-13,19,31,42.47,2524.96,34.59,81.45,2022-04-13,72.5,55.3,27.6,0.227
2022-04-14,20,31,42.47,2153.66,29.5,69.47,2022-04-14,63.2,41.1,12.8,0.0
2022-04-15,30,43,58.9,4014.27,54.99,93.36,2022-04-15,68.4,63.9,16.5,0.0
2022-04-16,35,57,78.08,5277.05,72.29,92.58,2022-04-16,71.3,77.3,16.3,0.0
2022-04-17,13,23,31.51,1879.57,25.75,81.72,2022-04-17,64.5,62.1,11.4,0.0
2022-04-18,15,24,32.88,1971.29,27.0,82.14,2022-04-18,62.0,60.5,13.2,0.0
2022-04-19,15,21,31.51,-1631.25,-22.35,-70.92,2022-04-19,64.1,52.5,19.9,0.0
2022-04-20,17,24,33.33,1792.53,24.9,74.69,2022-04-20,74.3,69.3,21.8,0.0
2022-04-21,17,27,37.5,2173.32,30.19,80.49,2022-04-21,76.4,72.1,18.6,0.0
2022-04-22,33,48,65.75,4202.42,57.57,87.55,2022-04-22,76.3,67.1,22.5,0.0
2022-04-23,42,63,86.3,5859.49,80.27,93.01,2022-04-23,74.9,63.5,25.3,0.0
2022-04-24,22,34,46.58,2038.59,27.93,59.96,2022-04-24,72.8,74.1,19.4,0.077
2022-04-25,22,33,45.21,2524.01,34.58,76.49,2022-04-25,62.5,69.8,17.1,1.13
2022-04-26,21,28,42.47,2311.78,31.67,74.57,2022-04-26,62.4,51.5,12.3,0.0
2022-04-27,24,36,49.32,3145.58,43.09,87.38,2022-04-27,65.7,60.8,13.6,0.0
2022-04-28,19,27,36.99,2414.81,33.08,89.44,2022-04-28,71.4,66.2,16.8,0.0
2022-04-29,40,53,72.6,5058.63,69.3,95.45,2022-04-29,74.8,70.7,22.3,0.0
2022-04-30,29,61,82.43,5830.49,78.79,95.58,2022-04-30,75.8,53.3,18.8,0.0
2022-05-01,19,30,40.54,2463.73,33.29,82.12,2022-05-01,72.3,48.3,15.0,0.0
2022-05-02,25,37,50.0,3181.4,42.99,85.98,2022-05-02,76.8,69.8,20.7,0.718
2022-05-03,26,41,55.41,3663.45,49.51,89.35,2022-05-03,63.0,81.0,15.2,0.682
2022-05-04,18,32,43.24,2234.26,30.19,69.82,2022-05-04,72.8,78.3,16.8,0.034
2022-05-05,35,53,70.67,4056.09,54.08,76.53,2022-05-05,72.6,74.9,18.6,0.084
2022-05-06,46,72,96.0,6527.71,87.04,90.66,2022-05-06,70.2,66.0,9.2,0.151
2022-05-07,24,58,77.33,5173.34,68.98,89.2,2022-05-07,77.1,72.0,14.7,0.0
2022-05-08,11,23,30.67,1746.73,23.29,75.94,2022-05-08,82.5,67.8,20.2,0.0
2022-05-09,15,27,36.0,2034.38,27.13,75.35,2022-05-09,82.7,68.9,20.0,0.0
2022-05-10,20,27,36.0,1643.08,21.91,60.85,2022-05-10,82.1,70.1,16.0,0.0
2022-05-11,22,31,42.67,2483.08,33.11,77.6,2022-05-11,80.3,66.6,16.0,0.0
2022-05-12,22,29,38.67,2507.63,33.44,86.47,2022-05-12,80.0,65.7,16.7,0.0
2022-05-13,43,51,68.0,8066.97,107.56,158.18,2022-05-13,80.3,60.3,14.9,0.0
2022-05-14,38,60,80.0,4314.78,57.53,71.91,2022-05-14,81.5,59.1,21.1,0.0
2022-05-15,23,33,44.0,1694.98,22.6,51.36,2022-05-15,82.3,62.4,17.1,0.0
2022-05-16,19,27,36.0,2022.04,26.96,74.89,2022-05-16,78.9,57.8,13.5,0.0
2022-05-17,21,31,41.33,2722.5,36.3,87.82,2022-05-17,82.7,56.5,18.8,0.0
2022-05-18,16,28,37.33,2735.61,36.47,97.7,2022-05-18,82.5,55.7,17.6,0.0
2022-05-19,25,37,49.33,2617.77,34.9,70.75,2022-05-19,82.7,56.6,21.0,0.0
2022-05-20,36,51,68.0,4483.05,59.77,87.9,2022-05-20,83.2,61.5,23.4,0.0
2022-05-21,40,66,88.0,5869.85,78.26,88.94,2022-05-21,78.5,67.4,20.3,0.03
2022-05-22,42,54,72.0,4680.96,62.41,86.68,2022-05-22,65.0,62.7,18.1,0.0
2022-05-23,36,62,85.33,5648.62,75.31,88.26,2022-05-23,68.7,79.4,16.5,0.0
2022-05-24,29,61,81.33,7026.55,93.69,115.19,2022-05-24,69.3,82.2,19.3,1.708
2022-05-25,17,36,48.0,2473.54,32.98,68.71,2022-05-25,65.1,71.1,19.3,0.385
2022-05-26,15,25,33.33,2065.23,27.54,82.61,2022-05-26,72.2,49.9,18.5,0.0
2022-05-27,35,42,55.26,3586.25,47.19,85.39,2022-05-27,76.3,48.3,8.6,0.0
2022-05-28,51,68,89.47,6339.51,83.41,93.23,2022-05-28,80.8,49.4,20.2,0.0
2022-05-29,28,50,65.79,3838.83,50.51,76.78,2022-05-29,82.2,58.3,22.0,0.0
2022-05-30,21,29,38.16,2796.89,36.8,96.44,2022-05-30,82.9,59.1,23.3,0.0
2022-05-31,13,21,27.63,1744.65,22.96,83.08,2022-05-31,84.0,63.2,18.3,0.0
2022-06-01,21,33,43.42,2800.02,36.84,84.85,2022-06-01,80.8,72.1,14.2,0.497
2022-06-02,27,40,52.63,3528.71,46.43,88.22,2022-06-02,76.0,69.4,22.1,0.679
2022-06-03,32,48,63.16,4337.94,57.08,90.37,2022-06-03,75.3,74.1,10.7,0.163
2022-06-04,43,63,82.89,6306.5,82.98,100.1,2022-06-04,77.0,75.1,11.9,0.0
2022-06-05,10,22,28.95,1908.53,25.11,86.75,2022-06-05,80.9,66.7,17.2,0.0
2022-06-06,25,28,36.84,2596.65,34.17,92.74,2022-06-06,84.1,62.5,18.1,0.0
2022-06-07,20,29,38.16,-9479.83,-124.73,-326.89,2022-06-07,84.6,64.4,16.3,0.0
2022-06-08,23,30,40.79,2579.97,33.95,83.22,2022-06-08,82.4,66.0,16.7,0.0
2022-06-09,25,31,40.79,2824.1,37.16,91.1,2022-06-09,82.3,69.8,12.3,0.0
2022-06-10,31,37,48.68,3118.93,41.04,84.3,2022-06-10,86.6,57.9,11.4,0.0
2022-06-11,46,58,76.32,5241.17,68.96,90.37,2022-06-11,90.1,54.1,14.1,0.0
2022-06-12,17,26,34.21,2388.51,31.43,91.87,2022-06-12,90.4,52.4,15.2,0.0
2022-06-13,27,34,44.74,3254.13,42.82,95.71,2022-06-13,88.9,52.2,18.3,0.0
2022-06-14,27,30,39.47,2694.82,35.46,89.83,2022-06-14,87.0,53.6,22.3,0.0
2022-06-15,28,35,46.05,3239.65,42.63,92.56,2022-06-15,85.9,59.8,20.0,0.0
2022-06-16,27,37,48.68,3547.81,46.68,95.89,2022-06-16,88.3,49.9,11.2,0.0
2022-06-17,47,55,72.37,5082.69,66.88,92.41,2022-06-17,88.0,48.6,11.5,0.005
2022-06-18,36,62,84.21,5936.18,78.11,92.75,2022-06-18,86.6,57.5,12.9,0.0
2022-06-19,26,34,44.74,2363.37,31.1,69.51,2022-06-19,87.7,56.4,14.3,0.0
2022-06-20,11,15,19.74,1251.72,16.47,83.45,2022-06-20,87.8,52.4,11.8,0.0
2022-06-21,14,21,27.63,1956.06,25.74,93.15,2022-06-21,90.0,47.1,11.6,0.0
2022-06-22,14,24,31.58,2242.52,29.51,93.44,2022-06-22,89.4,48.0,10.4,0.0
2022-06-23,35,46,60.53,3927.93,51.68,85.39,2022-06-23,91.2,46.8,13.9,0.0
2022-06-24,54,63,82.89,20762.01,273.18,329.56,2022-06-24,91.8,43.1,13.3,0.0
2022-06-25,44,68,89.47,6523.86,85.84,95.94,2022-06-25,91.1,37.7,12.0,0.0
2022-06-26,18,26,34.21,2982.44,39.24,114.71,2022-06-26,90.8,38.4,14.1,0.0
2022-06-27,27,30,39.47,2451.99,32.26,81.73,2022-06-27,84.2,52.2,13.1,0.0
2022-06-28,17,27,35.53,1958.68,25.77,72.54,2022-06-28,83.4,42.2,11.6,0.0
2022-06-29,20,28,36.84,1779.33,23.41,63.55,2022-06-29,83.9,38.8,11.9,0.0
2022-06-30,32,46,60.53,3617.49,47.6,78.64,2022-06-30,86.7,44.1,13.8,0.0
2022-07-01,40,56,73.68,4333.69,57.02,77.39,2022-07-01,85.2,57.9,11.9,0.0
2022-07-02,27,52,68.42,4123.07,54.25,79.29,2022-07-02,86.3,61.0,14.5,0.001
2022-07-03,29,48,63.16,3103.27,40.83,64.65,2022-07-03,89.3,55.5,13.0,0.0
2022-07-04,14,25,32.89,1951.28,25.67,78.05,2022-07-04,90.1,45.6,14.1,0.0
2022-07-05,21,23,30.26,1690.05,22.24,73.48,2022-07-05,90.5,44.8,13.5,0.0
2022-07-06,20,30,39.47,2338.15,30.77,77.94,2022-07-06,91.5,42.1,14.2,0.0
2022-07-07,19,30,39.47,2371.36,31.2,79.05,2022-07-07,91.4,45.5,12.6,0.0
2022-07-08,35,44,59.21,3032.57,39.9,67.39,2022-07-08,93.1,42.9,11.3,0.0
2022-07-09,34,56,73.68,4100.05,53.95,73.22,2022-07-09,94.9,38.7,11.7,0.0
2022-07-10,14,27,36.84,2110.65,27.77,75.38,2022-07-10,92.7,43.3,10.3,0.0
2022-07-11,19,27,35.53,1908.98,25.12,70.7,2022-07-11,91.2,49.3,10.3,0.0
2022-07-12,19,24,31.58,1773.43,23.33,73.89,2022-07-12,92.4,41.3,15.4,0.0
2022-07-13,16,27,35.53,1936.91,25.49,71.74,2022-07-13,93.4,38.4,8.7,0.0
2022-07-14,24,32,42.11,2207.49,29.05,68.98,2022-07-14,86.5,52.4,20.2,0.003
2022-07-15,38,50,65.79,3960.41,52.11,79.21,2022-07-15,87.3,50.6,12.7,0.0
2022-07-16,38,57,75.0,4615.03,60.72,80.97,2022-07-16,88.4,53.7,11.5,0.0
2022-07-17,28,41,53.95,3308.51,43.53,80.7,2022-07-17,92.5,41.2,11.5,0.0
2022-07-18,20,31,40.79,2091.6,27.52,67.47,2022-07-18,94.7,35.3,16.6,0.0
2022-07-19,22,34,44.74,2477.47,32.6,72.87,2022-07-19,94.8,38.3,15.7,0.0
2022-07-20,21,36,47.37,2596.68,34.17,72.13,2022-07-20,93.9,45.0,15.0,0.0
2022-07-21,34,52,68.42,3930.82,51.72,75.59,2022-07-21,92.5,46.0,14.3,0.0
2022-07-22,42,63,82.89,4874.13,64.13,77.37,2022-07-22,89.5,48.7,18.9,0.0
2022-07-23,38,70,94.74,4902.71,64.51,68.09,2022-07-23,88.0,53.4,12.6,0.0
2022-07-24,27,46,60.53,3328.76,43.8,72.36,2022-07-24,91.2,44.1,14.1,0.0
2022-07-25,30,41,55.26,3600.27,47.37,85.72,2022-07-25,92.6,40.0,13.4,0.0
2022-07-26,43,56,73.68,4274.58,56.24,76.33,2022-07-26,92.1,38.7,15.5,0.0
2022-07-27,25,43,56.58,2897.81,38.13,67.39,2022-07-27,92.0,44.0,15.6,0.0
2022-07-28,35,51,67.11,3953.91,52.03,77.53,2022-07-28,91.6,45.4,13.1,0.0
2022-07-29,41,59,77.63,4552.84,59.91,77.17,2022-07-29,90.7,47.9,12.2,0.0
2022-07-30,38,65,86.84,5122.58,67.4,77.61,2022-07-30,90.0,50.8,12.3,0.0
2022-07-31,21,53,69.74,3587.78,47.21,67.69,2022-07-31,92.0,41.7,13.1,0.0
2022-08-01,21,38,50.0,3523.85,46.37,92.73,2022-08-01,90.9,43.5,15.3,0.0
2022-08-02,19,39,51.32,3227.83,42.47,82.76,2022-08-02,91.8,42.8,14.4,0.0
2022-08-03,22,38,52.63,3192.75,42.01,79.82,2022-08-03,92.1,43.1,16.2,0.0
2022-08-04,20,36,48.0,2932.44,39.1,81.46,2022-08-04,90.9,46.5,13.5,0.0
2022-08-05,34,51,68.0,4476.55,59.69,87.78,2022-08-05,91.6,42.5,18.2,0.0
2022-08-06,33,61,81.33,5992.21,79.9,98.23,2022-08-06,87.0,55.0,14.5,0.0
2022-08-07,21,37,48.68,3137.81,41.29,84.81,2022-08-07,89.0,50.1,13.6,0.0
2022-08-08,22,31,40.79,2211.13,29.09,71.33,2022-08-08,91.1,45.3,11.4,0.0
2022-08-09,21,37,48.68,2818.72,37.09,76.18,2022-08-09,86.4,57.0,19.0,0.156
2022-08-10,29,44,57.89,3421.74,45.02,77.77,2022-08-10,83.0,68.6,12.6,0.109
2022-08-11,31,45,59.21,2728.24,35.9,60.63,2022-08-11,84.9,63.1,10.5,0.0
2022-08-12,25,44,57.89,3589.25,47.23,81.57,2022-08-12,86.9,56.9,10.7,0.0
2022-08-13,27,46,60.53,4390.16,57.77,95.44,2022-08-13,88.3,51.8,9.3,0.0
2022-08-14,24,34,44.74,2849.46,37.49,83.81,2022-08-14,88.1,49.3,11.4,0.0
2022-08-15,26,32,42.67,2620.18,34.94,81.88,2022-08-15,89.2,46.0,11.6,0.0
2022-08-16,13,24,32.88,1809.82,24.79,75.41,2022-08-16,91.0,43.3,9.8,0.0
2022-08-17,20,30,40.54,2439.33,32.96,81.31,2022-08-17,90.9,45.4,19.1,0.352
2022-08-18,15,29,39.19,2512.76,33.96,86.65,2022-08-18,79.1,77.2,9.4,0.141
2022-08-19,36,42,56.76,3778.72,51.06,89.97,2022-08-19,81.6,68.3,10.3,0.0
2022-08-20,31,42,56.76,3639.99,49.19,86.67,2022-08-20,82.6,68.3,13.2,0.0
2022-08-21,20,29,39.19,1719.21,23.23,59.28,2022-08-21,80.0,79.9,11.2,0.586
2022-08-22,28,32,43.24,2293.09,30.99,71.66,2022-08-22,74.6,94.0,11.3,7.055
2022-08-23,19,29,39.19,2118.92,28.63,73.07,2022-08-23,76.7,86.2,10.7,0.188
2022-08-24,24,30,39.47,2665.64,35.07,88.85,2022-08-24,80.2,71.7,11.4,0.0
2022-08-25,18,23,30.26,1828.11,24.05,79.48,2022-08-25,82.0,65.4,8.1,0.0
2022-08-26,27,31,40.79,2737.35,36.02,88.3,2022-08-26,83.2,65.8,8.3,0.0
2022-08-27,19,31,40.79,2581.73,33.97,83.28,2022-08-27,85.3,64.7,11.4,0.0
2022-08-28,16,23,30.26,1684.02,22.16,73.22,2022-08-28,86.7,60.6,13.2,0.0
2022-08-29,11,13,17.11,935.75,12.31,71.98,2022-08-29,84.8,65.4,12.0,0.0
2022-08-30,16,20,26.32,1672.54,22.01,83.63,2022-08-30,80.7,77.8,13.2,0.007
2022-08-31,15,21,27.63,1932.17,25.42,92.01,2022-08-31,80.1,77.7,10.2,0.058
2022-09-01,19,25,32.89,2159.81,28.42,86.39,2022-09-01,77.5,84.0,18.1,0.905
2022-09-02,32,37,48.68,3540.56,46.59,95.69,2022-09-02,76.4,87.8,8.2,0.189
2022-09-03,36,47,61.84,4493.04,59.12,95.6,2022-09-03,80.7,76.1,7.3,0.183
2022-09-04,36,47,61.84,4131.2,54.36,87.9,2022-09-04,77.7,73.4,13.9,0.419
2022-09-05,14,20,26.32,1691.79,22.26,84.59,2022-09-05,78.6,71.5,10.0,0.0
2022-09-06,21,23,30.26,920.62,12.11,40.03,2022-09-06,82.6,67.1,7.3,0.0
2022-09-07,19,25,32.89,2076.98,27.33,83.08,2022-09-07,83.9,63.1,8.9,0.0
2022-09-08,16,24,31.58,1996.3,26.27,83.18,2022-09-08,81.3,64.7,9.5,0.0
2022-09-09,22,28,36.84,2533.4,33.33,90.48,2022-09-09,78.9,58.9,10.6,0.0
2022-09-10,30,37,50.0,3501.72,46.08,92.15,2022-09-10,78.2,56.2,6.4,0.0
2022-09-11,15,20,26.32,1623.29,21.36,81.16,2022-09-11,75.6,61.6,16.4,0.0
2022-09-12,16,18,25.0,1645.9,21.66,86.63,2022-09-12,75.5,50.4,6.0,0.0
2022-09-13,22,30,39.47,1962.88,25.83,65.43,2022-09-13,77.8,54.4,11.2,0.0
2022-09-14,18,28,36.84,2454.7,32.3,87.67,2022-09-14,76.9,53.3,10.0,0.0
2022-09-15,26,38,50.0,3213.58,42.28,84.57,2022-09-15,76.0,52.4,10.5,0.0
2022-09-16,28,34,44.74,3561.01,46.86,104.74,2022-09-16,79.7,61.3,11.9,0.0
2022-09-17,44,50,65.79,5998.11,78.92,119.96,2022-09-17,82.5,70.5,13.4,0.0
2022-09-18,22,26,34.21,2407.98,31.68,92.61,2022-09-18,83.8,63.7,11.1,0.0
2022-09-19,13,19,25.0,1557.43,20.49,81.97,2022-09-19,84.5,62.3,11.6,0.0
2022-09-20,20,28,36.84,2472.43,32.53,88.3,2022-09-20,84.8,59.7,11.0,0.0
2022-09-21,22,30,39.47,1700.87,22.38,56.7,2022-09-21,85.1,54.4,9.2,0.0
2022-09-22,26,35,46.05,2866.39,37.72,81.9,2022-09-22,84.4,46.8,6.3,0.0
2022-09-23,42,51,67.11,4784.05,62.95,93.8,2022-09-23,83.1,52.9,9.3,0.0
2022-09-24,39,60,78.95,5439.96,71.58,90.67,2022-09-24,85.1,48.4,9.1,0.0
2022-09-25,20,26,34.21,2286.64,30.09,87.95,2022-09-25,83.4,56.3,14.8,0.001
2022-09-26,14,22,28.95,1891.55,24.89,85.98,2022-09-26,76.5,34.6,12.9,0.0
2022-09-27,23,27,35.53,2377.01,31.28,88.04,2022-09-27,74.6,40.8,9.1,0.0
2022-09-28,44,58,76.32,5136.88,67.59,88.57,2022-09-28,77.2,35.7,9.5,0.0
2022-09-29,25,48,64.0,4217.65,56.24,87.87,2022-09-29,71.7,44.7,15.6,0.0
2022-09-30,55,67,91.78,7354.66,100.75,109.77,2022-09-30,68.6,43.8,9.0,0.0
2022-01-01,31,38,88.37,3393.65,78.92,89.31,2022-01-01,54.6,79.5,24.7,0.051
2022-01-02,30,38,84.44,2209.33,49.1,58.14,2022-01-02,27.3,58.2,24.9,0.0
2022-01-03,23,32,76.19,2148.41,51.15,67.14,2022-01-03,38.6,50.5,10.5,0.0
2022-01-04,27,36,87.8,2842.48,69.33,78.96,2022-01-04,47.6,41.0,18.5,0.0
2022-01-05,27,39,100.0,2703.7,69.33,69.33,2022-01-05,48.4,59.3,12.4,0.0
2022-01-06,32,40,86.96,3108.55,67.58,77.71,2022-01-06,34.3,55.0,20.7,0.0
2022-01-07,21,38,92.86,2826.98,67.31,72.49,2022-01-07,35.1,57.5,11.4,0.0
2022-01-08,24,44,97.78,3592.63,79.84,81.65,2022-01-08,51.8,89.3,13.3,0.024
2022-01-09,19,33,75.0,2044.18,46.46,61.94,2022-01-09,51.4,73.2,20.7,0.0
2022-01-10,18,26,57.78,1452.56,32.28,55.87,2022-01-10,42.1,43.8,11.1,0.0
2022-01-11,27,35,74.47,2171.64,46.21,62.05,2022-01-11,44.2,45.6,12.0,0.0
2022-01-12,21,34,72.34,2290.79,48.74,67.38,2022-01-12,50.2,48.9,11.5,0.0
2022-01-13,25,37,86.05,2663.63,61.94,71.99,2022-01-13,55.1,43.7,8.4,0.0
2022-01-14,21,38,84.78,2681.73,58.3,68.76,2022-01-14,58.3,38.6,18.0,0.0
2022-01-15,30,48,97.96,3232.84,65.98,67.35,2022-01-15,36.0,53.6,30.6,0.0
2022-01-16,22,40,89.13,2636.37,57.31,64.3,2022-01-16,37.4,57.5,14.8,0.0
2022-01-17,14,26,53.06,1687.73,34.44,64.91,2022-01-17,46.8,46.6,9.9,0.0
2022-01-18,17,26,49.06,1775.0,33.49,68.27,2022-01-18,57.7,52.1,19.5,0.0
2022-01-19,17,31,59.62,2152.27,41.39,69.43,2022-01-19,52.7,70.5,25.1,0.028
2022-01-20,14,26,50.0,1631.66,31.38,62.76,2022-01-20,30.0,41.6,20.3,0.0
2022-01-21,28,40,80.0,3279.21,65.58,81.98,2022-01-21,32.2,36.7,9.2,0.0
2022-01-22,29,42,80.77,3845.26,73.95,91.55,2022-01-22,37.1,40.1,5.5,0.0
2022-01-23,10,18,38.3,2237.97,47.62,124.33,2022-01-23,46.8,46.0,11.6,0.0
2022-01-24,16,33,64.71,3023.26,59.28,91.61,2022-01-24,49.4,71.6,8.8,0.111
2022-01-25,26,35,73.47,-828.67,-16.91,-23.02,2022-01-25,49.3,62.0,12.8,0.0
2022-01-26,20,29,59.18,1959.64,39.99,67.57,2022-01-26,40.6,36.7,12.4,0.0
2022-01-27,22,32,64.71,2285.13,44.81,69.25,2022-01-27,43.6,49.9,9.2,0.0
2022-01-28,27,40,85.11,3050.09,64.9,76.25,2022-01-28,43.4,52.0,17.6,0.0
2022-01-29,21,43,93.48,2972.13,64.61,69.12,2022-01-29,49.6,37.3,10.8,0.0
2022-01-30,21,39,86.67,2677.8,59.51,68.66,2022-01-30,55.9,29.2,9.2,0.0
2022-01-31,18,27,54.0,1489.26,29.79,55.16,2022-01-31,56.7,64.2,15.5,0.0
2022-02-01,16,32,65.31,2221.23,45.33,69.41,2022-02-01,60.5,74.5,14.0,0.0
2022-02-02,29,40,80.0,3028.86,60.58,75.72,2022-02-02,44.5,84.1,19.9,0.806
2022-02-03,14,38,76.0,2901.82,58.04,76.36,2022-02-03,23.7,84.1,18.3,0.596
2022-02-04,24,37,78.72,2736.96,58.23,73.97,2022-02-04,26.1,71.5,14.9,0.0
2022-02-05,22,33,67.35,2683.61,54.77,81.32,2022-02-05,34.1,58.6,8.9,0.0
2022-02-06,20,26,53.06,1877.81,38.32,72.22,2022-02-06,41.4,51.4,10.7,0.0
2022-02-07,16,26,53.06,2946.82,60.14,113.34,2022-02-07,44.1,53.8,15.5,0.0
2022-02-08,10,22,45.83,368.67,7.68,16.76,2022-02-08,50.5,40.4,12.5,0.0
2022-02-09,13,30,62.5,2142.57,44.64,71.42,2022-02-09,52.1,41.4,8.8,0.0
2022-02-10,23,35,70.0,2843.21,56.86,81.23,2022-02-10,54.7,34.5,6.6,0.0
2022-02-11,39,52,94.55,3637.35,66.13,69.95,2022-02-11,60.5,38.3,16.4,0.0
2022-02-12,16,52,94.55,3754.56,68.26,72.2,2022-02-12,44.5,34.8,21.8,0.0
2022-02-13,10,29,54.55,2107.7,38.32,70.26,2022-02-13,45.2,39.4,11.2,0.0
2022-02-14,12,22,39.29,1392.49,24.87,63.3,2022-02-14,53.7,35.5,14.3,0.0
2022-02-15,15,23,42.86,1634.27,29.18,68.09,2022-02-15,57.4,53.7,24.4,0.0
2022-02-16,25,39,68.97,2756.99,47.53,68.92,2022-02-16,63.2,82.8,20.9,0.181
2022-02-17,30,42,74.14,2821.09,48.64,65.61,2022-02-17,46.5,76.6,27.0,0.086
2022-02-18,30,46,77.97,3301.01,55.95,71.76,2022-02-18,37.8,49.8,14.5,0.0
2022-02-19,33,55,93.22,4059.8,68.81,73.81,2022-02-19,47.6,40.9,9.4,0.0
2022-02-20,6,22,37.29,2336.99,39.61,106.23,2022-02-20,55.1,44.3,16.4,0.0
2022-02-21,12,25,42.37,1615.36,27.38,64.61,2022-02-21,66.9,77.9,18.9,0.0
2022-02-22,21,29,49.15,1057.32,17.92,36.46,2022-02-22,51.2,69.2,23.4,0.021
2022-02-23,34,49,83.33,3646.04,60.77,72.92,2022-02-23,26.0,77.8,18.2,0.014
2022-02-24,35,50,81.97,5103.24,83.66,102.06,2022-02-24,25.8,90.7,13.7,0.009
2022-02-25,39,53,82.81,3924.92,61.33,74.06,2022-02-25,31.0,63.6,15.4,0.0
2022-02-26,29,58,92.06,5273.0,83.7,90.91,2022-02-26,36.2,76.7,11.0,0.036
2022-02-27,14,33,52.38,2234.01,35.46,67.7,2022-02-27,42.1,57.3,16.0,0.0
2022-02-28,16,27,42.42,1981.59,30.02,70.77,2022-02-28,48.1,41.1,5.9,0.0
2022-03-01,11,29,43.28,3159.67,47.16,108.95,2022-03-01,57.1,29.8,7.6,0.0
2022-03-02,12,28,43.28,2833.1,42.29,97.69,2022-03-02,61.1,31.3,8.5,0.0
2022-03-03,13,28,42.42,-815.44,-12.36,-29.12,2022-03-03,62.6,41.6,10.7,0.0
2022-03-04,42,52,80.0,3835.42,59.01,73.76,2022-03-04,63.3,73.4,17.7,0.0
2022-03-05,25,51,73.91,4055.87,58.78,79.53,2022-03-05,68.5,72.7,18.3,0.004
2022-03-06,20,31,44.93,2213.29,32.08,71.4,2022-03-06,66.0,76.6,20.7,0.005
2022-03-07,25,33,47.83,2546.13,36.9,77.16,2022-03-07,41.4,65.0,25.0,0.052
2022-03-08,20,36,52.17,2744.11,39.77,76.23,2022-03-08,39.7,66.6,11.2,0.008
2022-03-09,17,29,42.03,2007.89,29.1,69.24,2022-03-09,45.0,52.7,10.0,0.0
2022-03-10,26,45,65.22,3449.99,50.0,76.67,2022-03-10,52.4,55.0,15.5,0.0
2022-03-11,40,53,76.81,3815.88,55.3,72.0,2022-03-11,36.1,63.2,24.5,0.034
2022-03-12,41,62,91.3,4728.5,68.53,75.06,2022-03-12,41.5,39.1,8.8,0.0
2022-03-13,23,44,63.77,3444.62,49.92,78.29,2022-03-13,52.6,28.7,19.0,0.0
2022-03-14,32,45,65.22,3321.68,48.14,73.82,2022-03-14,58.9,64.1,20.6,0.224
2022-03-15,33,48,69.57,3186.45,46.18,66.38,2022-03-15,58.0,56.9,19.0,0.0
2022-03-16,33,56,81.16,4047.35,58.66,72.27,2022-03-16,63.0,56.2,14.7,0.0
2022-03-17,28,59,85.71,4244.49,60.64,70.74,2022-03-17,65.0,64.1,22.0,0.0
2022-03-18,29,62,88.57,4463.09,63.76,71.99,2022-03-18,56.6,46.8,27.3,0.0
2022-03-19,18,64,91.43,4677.22,66.82,73.08,2022-03-19,58.5,37.3,10.9,0.0
2022-03-20,25,49,70.0,3875.56,55.37,79.09,2022-03-20,66.8,28.0,18.9,0.0
2022-03-21,23,41,58.57,2319.1,33.13,56.56,2022-03-21,62.7,74.5,22.3,0.959
2022-03-22,22,40,57.14,2386.03,34.09,59.65,2022-03-22,51.4,69.8,22.5,0.0
2022-03-23,18,38,55.07,2451.01,35.52,64.5,2022-03-23,53.3,37.3,25.7,0.0
2022-03-24,39,55,79.71,3689.09,53.47,67.07,2022-03-24,52.6,40.7,16.2,0.0
2022-03-25,36,60,84.51,4439.94,62.53,74.0,2022-03-25,62.6,29.6,6.7,0.0
2022-03-26,30,65,89.04,5279.57,72.32,81.22,2022-03-26,67.8,32.2,10.5,0.0
2022-03-27,20,41,56.16,3106.77,42.56,75.77,2022-03-27,71.8,37.7,17.2,0.0
2022-03-28,21,37,50.68,2708.58,37.1,73.2,2022-03-28,71.7,54.6,21.1,0.0
2022-03-29,21,31,43.84,2436.55,33.38,76.14,2022-03-29,72.3,63.8,25.9,0.0
2022-03-30,19,39,53.42,3027.81,41.48,77.64,2022-03-30,61.5,67.5,25.2,0.615
2022-03-31,29,49,68.06,4075.73,56.61,83.18,2022-03-31,55.6,51.8,20.0,0.0
